{
    "$schema": "https://schema.management.azure.com/schemas/2015-01-01/deploymentTemplate.json#",
    "contentVersion": "1.0.0.0",
    "parameters": {
        "managedClusters_openshift_prep3_name": {
            "defaultValue": "openshift-prep3",
            "type": "String"
        },
        "workspaces_defaultworkspace_d7d0acdf_db8e_41bb_bb66_28bfc5c20fe3_eus_externalid": {
            "defaultValue": "/subscriptions/d7d0acdf-db8e-41bb-bb66-28bfc5c20fe3/resourceGroups/defaultresourcegroup-eus/providers/microsoft.operationalinsights/workspaces/defaultworkspace-d7d0acdf-db8e-41bb-bb66-28bfc5c20fe3-eus",
            "type": "String"
        },
        "publicIPAddresses_e9577297_5f2e_4ba6_8709_6ee1188168cd_externalid": {
            "defaultValue": "/subscriptions/d7d0acdf-db8e-41bb-bb66-28bfc5c20fe3/resourceGroups/MC_openshift-prep3_openshift-prep3_eastus/providers/Microsoft.Network/publicIPAddresses/e9577297-5f2e-4ba6-8709-6ee1188168cd",
            "type": "String"
        }
    },
    "variables": {},
    "resources": [
        {
            "type": "Microsoft.ContainerService/managedClusters",
            "apiVersion": "2019-10-01",
            "name": "[parameters('managedClusters_openshift_prep3_name')]",
            "location": "eastus",
            "properties": {
                "kubernetesVersion": "1.13.12",
                "dnsPrefix": "[concat(parameters('managedClusters_openshift_prep3_name'), '-dns')]",
                "agentPoolProfiles": [
                    {
                        "name": "agentpool",
                        "count": 1,
                        "vmSize": "Standard_DS2_v2",
                        "osDiskSizeGB": 100,
                        "maxPods": 110,
                        "type": "VirtualMachineScaleSets",
                        "orchestratorVersion": "1.13.12",
                        "osType": "Linux"
                    }
                ],
                "servicePrincipalProfile": {
                    "clientId": "f35f21dd-abab-4bbd-b48b-5f2396f24594"
                },
                "addonProfiles": {
                    "httpApplicationRouting": {
                        "enabled": true,
                        "config": {
                            "HTTPApplicationRoutingZoneName": "ece8d87b91864697b4bc.eastus.aksapp.io"
                        }
                    },
                    "omsagent": {
                        "enabled": true,
                        "config": {
                            "logAnalyticsWorkspaceResourceID": "[parameters('workspaces_defaultworkspace_d7d0acdf_db8e_41bb_bb66_28bfc5c20fe3_eus_externalid')]"
                        }
                    }
                },
                "nodeResourceGroup": "[concat('MC_', parameters('managedClusters_openshift_prep3_name'), '_', parameters('managedClusters_openshift_prep3_name'), '_eastus')]",
                "enableRBAC": true,
                "networkProfile": {
                    "networkPlugin": "kubenet",
                    "loadBalancerSku": "Standard",
                    "loadBalancerProfile": {
                        "managedOutboundIPs": {
                            "count": 1
                        },
                        "effectiveOutboundIPs": [
                            {
                                "id": "[parameters('publicIPAddresses_e9577297_5f2e_4ba6_8709_6ee1188168cd_externalid')]"
                            }
                        ]
                    },
                    "podCidr": "10.244.0.0/16",
                    "serviceCidr": "10.0.0.0/16",
                    "dnsServiceIP": "10.0.0.10",
                    "dockerBridgeCidr": "172.17.0.1/16"
                }
            }
        },
        {
            "type": "Microsoft.ContainerService/managedClusters/agentPools",
            "apiVersion": "2019-10-01",
            "name": "[concat(parameters('managedClusters_openshift_prep3_name'), '/agentpool')]",
            "dependsOn": [
                "[resourceId('Microsoft.ContainerService/managedClusters', parameters('managedClusters_openshift_prep3_name'))]"
            ],
            "properties": {
                "count": 1,
                "vmSize": "Standard_DS2_v2",
                "osDiskSizeGB": 100,
                "maxPods": 110,
                "type": "VirtualMachineScaleSets",
                "orchestratorVersion": "1.13.12",
                "osType": "Linux"
            }
        }
    ]
}